"method","rates","atoll","site","depth","transect","coralg","lower.ci","upper.ci"
"CoralNet","chagos_v2_w_bio","EG","Lubine","10m","T1",4.7817,3.656,6.0663
"CoralNet","chagos_v2_w_bio","EG","Lubine","10m","T2",3.2306,2.4831,4.087
"CoralNet","chagos_v2_w_bio","EG","Lubine","10m","T3",4.6715,3.561,5.9466
"CoralNet","chagos_v2_w_bio","EG","Middle","10m","T1",13.8066,11.0136,16.9448
"CoralNet","chagos_v2_w_bio","EG","Middle","10m","T2",3.3608,2.6662,4.1444
"CoralNet","chagos_v2_w_bio","EG","Middle","10m","T3",9.3041,7.4823,11.3373
"CoralNet","chagos_v2_w_bio","EG","North","10m","T1",9.2822,7.5037,11.2537
"CoralNet","chagos_v2_w_bio","EG","North","10m","T2",18.345,14.804,22.2872
"CoralNet","chagos_v2_w_bio","EG","North","10m","T3",9.6039,7.7082,11.7268
"CoralNet","chagos_v2_w_bio","EG","Tattamucca","10m","T1",5.1969,4.1119,6.4209
"CoralNet","chagos_v2_w_bio","EG","Tattamucca","10m","T2",6.756,5.424,8.2468
"CoralNet","chagos_v2_w_bio","EG","Tattamucca","10m","T3",13.7113,11.0347,16.7004
"CoralNet","chagos_v2_w_bio","GCB","MidBroCh","10m","T1",1.6505,1.3135,2.0271
"CoralNet","chagos_v2_w_bio","GCB","MidBroCh","10m","T2",2.0976,1.6743,2.5678
"CoralNet","chagos_v2_w_bio","GCB","MidBroCh","10m","T3",0.9735,0.7675,1.2044
"CoralNet","chagos_v2_w_bio","GCB","MidBroDr","10m","T1",2.5477,2.0081,3.1511
"CoralNet","chagos_v2_w_bio","GCB","MidBroDr","10m","T2",0.7562,0.591,0.9451
"CoralNet","chagos_v2_w_bio","GCB","MidBroDr","10m","T3",2.3171,1.8247,2.8744
"CoralNet","chagos_v2_w_bio","GCB","NorthBro","10m","T1",0.5561,0.4435,0.6824
"CoralNet","chagos_v2_w_bio","GCB","NorthBro","10m","T2",0.9357,0.7438,1.1517
"CoralNet","chagos_v2_w_bio","GCB","NorthBro","10m","T3",1.3475,1.076,1.6521
"CoralNet","chagos_v2_w_bio","GCB","SouthBro","10m","T1",2.7238,2.1834,3.3295
"CoralNet","chagos_v2_w_bio","GCB","SouthBro","10m","T2",2.7466,2.1641,3.4023
"CoralNet","chagos_v2_w_bio","GCB","SouthBro","10m","T3",4.1489,3.2524,5.1627
"CoralNet","chagos_v2_w_bio","PB","Diamant","10m","T1",5.825,4.5718,7.2426
"CoralNet","chagos_v2_w_bio","PB","Diamant","10m","T2",3.273,2.5534,4.0936
"CoralNet","chagos_v2_w_bio","PB","Diamant","10m","T3",11.8939,9.5991,14.4486
"CoralNet","chagos_v2_w_bio","PB","Poule","10m","T1",3.0295,2.3823,3.7639
"CoralNet","chagos_v2_w_bio","PB","Poule","10m","T2",3.1502,2.4815,3.9007
"CoralNet","chagos_v2_w_bio","PB","Poule","10m","T3",4.9126,3.9001,6.0525
"CoralNet","chagos_v2_w_bio","PB","PtiCoq","10m","T1",2.5763,2.0292,3.1938
"CoralNet","chagos_v2_w_bio","PB","PtiCoq","10m","T2",3.9325,3.1276,4.8336
"CoralNet","chagos_v2_w_bio","PB","PtiCoq","10m","T3",4.4164,3.5426,5.3819
"CoralNet","chagos_v2_w_bio","PB","Yeye","10m","T1",5.1561,4.1097,6.3124
"CoralNet","chagos_v2_w_bio","PB","Yeye","10m","T2",2.6452,2.0757,3.2784
"CoralNet","chagos_v2_w_bio","PB","Yeye","10m","T3",4.0678,3.204,5.0312
"CoralNet","chagos_v2_w_bio","SA","AngMid","10m","T1",11.0452,9.0071,13.2739
"CoralNet","chagos_v2_w_bio","SA","AngMid","10m","T2",8.0002,6.4264,9.7507
"CoralNet","chagos_v2_w_bio","SA","AngMid","10m","T3",4.4072,3.564,5.3415
"CoralNet","chagos_v2_w_bio","SA","AngSTip","10m","T1",6.13,4.9105,7.487
"CoralNet","chagos_v2_w_bio","SA","AngSTip","10m","T2",11.3324,9.2853,13.5522
"CoralNet","chagos_v2_w_bio","SA","AngSTip","10m","T3",6.5452,5.276,7.9391
"CoralNet","chagos_v2_w_bio","SA","Passe","10m","T1",3.057,2.3836,3.8183
"CoralNet","chagos_v2_w_bio","SA","Passe","10m","T2",2.8746,2.2528,3.5768
"CoralNet","chagos_v2_w_bio","SA","Passe","10m","T3",2.8959,2.2638,3.605
"CoralNet","chagos_v2_w_bio","SA","Takamaka","10m","T1",3.6636,2.9544,4.4509
"CoralNet","chagos_v2_w_bio","SA","Takamaka","10m","T2",4.233,3.3725,5.1897
"CoralNet","chagos_v2_w_bio","SA","Takamaka","10m","T3",5.2961,4.1963,6.5203
"CoralNet","chagos_v2_wo_bio","EG","Lubine","10m","T1",5.0728,3.9118,6.393
"CoralNet","chagos_v2_wo_bio","EG","Lubine","10m","T2",3.4141,2.6426,4.2906
"CoralNet","chagos_v2_wo_bio","EG","Lubine","10m","T3",4.9509,3.8057,6.26
"CoralNet","chagos_v2_wo_bio","EG","Middle","10m","T1",14.4317,11.5385,17.6212
"CoralNet","chagos_v2_wo_bio","EG","Middle","10m","T2",3.5473,2.8262,4.3501
"CoralNet","chagos_v2_wo_bio","EG","Middle","10m","T3",9.735,7.844,11.8066
"CoralNet","chagos_v2_wo_bio","EG","North","10m","T1",9.7593,7.9061,11.779
"CoralNet","chagos_v2_wo_bio","EG","North","10m","T2",19.1409,15.4636,23.1468
"CoralNet","chagos_v2_wo_bio","EG","North","10m","T3",10.05,8.0827,12.2106
"CoralNet","chagos_v2_wo_bio","EG","Tattamucca","10m","T1",5.4445,4.3216,6.6905
"CoralNet","chagos_v2_wo_bio","EG","Tattamucca","10m","T2",7.0474,5.6663,8.5612
"CoralNet","chagos_v2_wo_bio","EG","Tattamucca","10m","T3",14.2854,11.5101,17.3155
"CoralNet","chagos_v2_wo_bio","GCB","MidBroCh","10m","T1",1.7435,1.3937,2.129
"CoralNet","chagos_v2_wo_bio","GCB","MidBroCh","10m","T2",2.1941,1.7561,2.6721
"CoralNet","chagos_v2_wo_bio","GCB","MidBroCh","10m","T3",1.0273,0.8141,1.2639
"CoralNet","chagos_v2_wo_bio","GCB","MidBroDr","10m","T1",2.6901,2.1319,3.3098
"CoralNet","chagos_v2_wo_bio","GCB","MidBroDr","10m","T2",0.8217,0.6487,1.0174
"CoralNet","chagos_v2_wo_bio","GCB","MidBroDr","10m","T3",2.4701,1.9587,3.0457
"CoralNet","chagos_v2_wo_bio","GCB","NorthBro","10m","T1",0.5851,0.468,0.7143
"CoralNet","chagos_v2_wo_bio","GCB","NorthBro","10m","T2",0.9814,0.7825,1.2017
"CoralNet","chagos_v2_wo_bio","GCB","NorthBro","10m","T3",1.4271,1.1446,1.74
"CoralNet","chagos_v2_wo_bio","GCB","SouthBro","10m","T1",2.8959,2.3325,3.5199
"CoralNet","chagos_v2_wo_bio","GCB","SouthBro","10m","T2",2.9075,2.304,3.5821
"CoralNet","chagos_v2_wo_bio","GCB","SouthBro","10m","T3",4.3682,3.4416,5.406
"CoralNet","chagos_v2_wo_bio","PB","Diamant","10m","T1",6.1633,4.8645,7.617
"CoralNet","chagos_v2_wo_bio","PB","Diamant","10m","T2",3.4839,2.7382,4.3286
"CoralNet","chagos_v2_wo_bio","PB","Diamant","10m","T3",12.422,10.0397,15.0199
"CoralNet","chagos_v2_wo_bio","PB","Poule","10m","T1",3.1993,2.5297,3.9513
"CoralNet","chagos_v2_wo_bio","PB","Poule","10m","T2",3.325,2.6328,4.0935
"CoralNet","chagos_v2_wo_bio","PB","Poule","10m","T3",5.2034,4.1518,6.376
"CoralNet","chagos_v2_wo_bio","PB","PtiCoq","10m","T1",2.7232,2.1566,3.3578
"CoralNet","chagos_v2_wo_bio","PB","PtiCoq","10m","T2",4.1161,3.2827,5.0337
"CoralNet","chagos_v2_wo_bio","PB","PtiCoq","10m","T3",4.6365,3.73,5.6247
"CoralNet","chagos_v2_wo_bio","PB","Yeye","10m","T1",5.4095,4.3282,6.5905
"CoralNet","chagos_v2_wo_bio","PB","Yeye","10m","T2",2.7987,2.2101,3.4473
"CoralNet","chagos_v2_wo_bio","PB","Yeye","10m","T3",4.2808,3.3886,5.2661
"CoralNet","chagos_v2_wo_bio","SA","AngMid","10m","T1",11.585,9.4571,13.8736
"CoralNet","chagos_v2_wo_bio","SA","AngMid","10m","T2",8.3911,6.7555,10.179
"CoralNet","chagos_v2_wo_bio","SA","AngMid","10m","T3",4.6328,3.7549,5.5902
"CoralNet","chagos_v2_wo_bio","SA","AngSTip","10m","T1",6.457,5.1884,7.8507
"CoralNet","chagos_v2_wo_bio","SA","AngSTip","10m","T2",11.8882,9.7478,14.1733
"CoralNet","chagos_v2_wo_bio","SA","AngSTip","10m","T3",6.8959,5.5737,8.3306
"CoralNet","chagos_v2_wo_bio","SA","Passe","10m","T1",3.2417,2.5449,4.0231
"CoralNet","chagos_v2_wo_bio","SA","Passe","10m","T2",3.0414,2.3976,3.7623
"CoralNet","chagos_v2_wo_bio","SA","Passe","10m","T3",3.0673,2.414,3.7944
"CoralNet","chagos_v2_wo_bio","SA","Takamaka","10m","T1",3.8689,3.1297,4.6765
"CoralNet","chagos_v2_wo_bio","SA","Takamaka","10m","T2",4.4582,3.5666,5.4345
"CoralNet","chagos_v2_wo_bio","SA","Takamaka","10m","T3",5.6041,4.4637,6.8582
"CoralNet","indo_v1_w_bio","EG","Lubine","10m","T1",5.938,5.2427,6.7671
"CoralNet","indo_v1_w_bio","EG","Lubine","10m","T2",3.5108,3.0323,4.0291
"CoralNet","indo_v1_w_bio","EG","Lubine","10m","T3",6.2343,5.5503,6.9752
"CoralNet","indo_v1_w_bio","EG","Middle","10m","T1",8.3335,6.5143,10.2755
"CoralNet","indo_v1_w_bio","EG","Middle","10m","T2",2.7914,2.3432,3.2875
"CoralNet","indo_v1_w_bio","EG","Middle","10m","T3",6.4926,5.2503,7.897
"CoralNet","indo_v1_w_bio","EG","North","10m","T1",7.856,6.4499,10.0722
"CoralNet","indo_v1_w_bio","EG","North","10m","T2",11.4095,8.8379,14.6919
"CoralNet","indo_v1_w_bio","EG","North","10m","T3",5.9731,4.7234,7.3186
"CoralNet","indo_v1_w_bio","EG","Tattamucca","10m","T1",3.6933,2.9878,4.4492
"CoralNet","indo_v1_w_bio","EG","Tattamucca","10m","T2",4.1012,3.1738,5.1213
"CoralNet","indo_v1_w_bio","EG","Tattamucca","10m","T3",6.7104,4.9077,8.6582
"CoralNet","indo_v1_w_bio","GCB","MidBroCh","10m","T1",1.3301,1.0821,1.6699
"CoralNet","indo_v1_w_bio","GCB","MidBroCh","10m","T2",0.9646,0.6926,1.2596
"CoralNet","indo_v1_w_bio","GCB","MidBroCh","10m","T3",0.7707,0.6372,0.9189
"CoralNet","indo_v1_w_bio","GCB","MidBroDr","10m","T1",2.5572,2.2228,2.9267
"CoralNet","indo_v1_w_bio","GCB","MidBroDr","10m","T2",0.6361,0.5261,0.7698
"CoralNet","indo_v1_w_bio","GCB","MidBroDr","10m","T3",2.4025,2.098,2.7519
"CoralNet","indo_v1_w_bio","GCB","NorthBro","10m","T1",0.5248,0.4336,0.658
"CoralNet","indo_v1_w_bio","GCB","NorthBro","10m","T2",0.768,0.6289,0.9181
"CoralNet","indo_v1_w_bio","GCB","NorthBro","10m","T3",1.3471,1.1611,1.554
"CoralNet","indo_v1_w_bio","GCB","SouthBro","10m","T1",2.3826,2.0275,2.7873
"CoralNet","indo_v1_w_bio","GCB","SouthBro","10m","T2",3.2074,2.827,3.6266
"CoralNet","indo_v1_w_bio","GCB","SouthBro","10m","T3",4.1022,3.5291,4.7223
"CoralNet","indo_v1_w_bio","PB","Diamant","10m","T1",5.3588,4.5751,6.2592
"CoralNet","indo_v1_w_bio","PB","Diamant","10m","T2",3.4495,3.0125,3.9446
"CoralNet","indo_v1_w_bio","PB","Diamant","10m","T3",7.0292,5.4602,8.7809
"CoralNet","indo_v1_w_bio","PB","Poule","10m","T1",2.699,2.2751,3.199
"CoralNet","indo_v1_w_bio","PB","Poule","10m","T2",2.7639,2.3288,3.2762
"CoralNet","indo_v1_w_bio","PB","Poule","10m","T3",4.8976,4.2435,5.6277
"CoralNet","indo_v1_w_bio","PB","PtiCoq","10m","T1",3.03,2.673,3.4198
"CoralNet","indo_v1_w_bio","PB","PtiCoq","10m","T2",2.9731,2.4133,3.6385
"CoralNet","indo_v1_w_bio","PB","PtiCoq","10m","T3",3.7826,3.1418,4.681
"CoralNet","indo_v1_w_bio","PB","Yeye","10m","T1",3.5516,2.8986,4.2982
"CoralNet","indo_v1_w_bio","PB","Yeye","10m","T2",1.6013,1.2868,1.9562
"CoralNet","indo_v1_w_bio","PB","Yeye","10m","T3",2.966,2.4501,3.53
"CoralNet","indo_v1_w_bio","SA","AngMid","10m","T1",11.9052,10.0062,15.4196
"CoralNet","indo_v1_w_bio","SA","AngMid","10m","T2",6.0737,4.9014,7.7861
"CoralNet","indo_v1_w_bio","SA","AngMid","10m","T3",3.9214,3.2386,5.0088
"CoralNet","indo_v1_w_bio","SA","AngSTip","10m","T1",6.507,5.5202,8.1264
"CoralNet","indo_v1_w_bio","SA","AngSTip","10m","T2",13.5493,11.5036,17.5962
"CoralNet","indo_v1_w_bio","SA","AngSTip","10m","T3",7.2026,6.1177,9.1721
"CoralNet","indo_v1_w_bio","SA","Passe","10m","T1",2.5675,2.1739,3.0096
"CoralNet","indo_v1_w_bio","SA","Passe","10m","T2",3.1221,2.6993,3.6535
"CoralNet","indo_v1_w_bio","SA","Passe","10m","T3",2.1138,1.7337,2.5405
"CoralNet","indo_v1_w_bio","SA","Takamaka","10m","T1",3.0375,2.4861,3.8505
"CoralNet","indo_v1_w_bio","SA","Takamaka","10m","T2",2.3331,1.7812,2.9409
"CoralNet","indo_v1_w_bio","SA","Takamaka","10m","T3",3.3415,2.653,4.2148
"CoralNet","indo_v1_wo_bio","EG","Lubine","10m","T1",5.97,5.2788,6.77
"CoralNet","indo_v1_wo_bio","EG","Lubine","10m","T2",3.4759,3.0242,3.9544
"CoralNet","indo_v1_wo_bio","EG","Lubine","10m","T3",6.2562,5.5765,6.9627
"CoralNet","indo_v1_wo_bio","EG","Middle","10m","T1",8.3691,6.5893,10.3204
"CoralNet","indo_v1_wo_bio","EG","Middle","10m","T2",2.7963,2.3645,3.2709
"CoralNet","indo_v1_wo_bio","EG","Middle","10m","T3",6.5278,5.3113,7.9328
"CoralNet","indo_v1_wo_bio","EG","North","10m","T1",7.9562,6.5608,10.2192
"CoralNet","indo_v1_wo_bio","EG","North","10m","T2",11.4775,8.9544,14.8299
"CoralNet","indo_v1_wo_bio","EG","North","10m","T3",6.014,4.7898,7.363
"CoralNet","indo_v1_wo_bio","EG","Tattamucca","10m","T1",3.6831,3.0021,4.4234
"CoralNet","indo_v1_wo_bio","EG","Tattamucca","10m","T2",4.0586,3.1763,5.0613
"CoralNet","indo_v1_wo_bio","EG","Tattamucca","10m","T3",6.7017,4.9579,8.6647
"CoralNet","indo_v1_wo_bio","GCB","MidBroCh","10m","T1",1.3393,1.0982,1.678
"CoralNet","indo_v1_wo_bio","GCB","MidBroCh","10m","T2",0.946,0.6923,1.2286
"CoralNet","indo_v1_wo_bio","GCB","MidBroCh","10m","T3",0.7578,0.6353,0.8924
"CoralNet","indo_v1_wo_bio","GCB","MidBroDr","10m","T1",2.5801,2.2479,2.9373
"CoralNet","indo_v1_wo_bio","GCB","MidBroDr","10m","T2",0.6141,0.5238,0.7213
"CoralNet","indo_v1_wo_bio","GCB","MidBroDr","10m","T3",2.4199,2.1241,2.7459
"CoralNet","indo_v1_wo_bio","GCB","NorthBro","10m","T1",0.5141,0.4306,0.6414
"CoralNet","indo_v1_wo_bio","GCB","NorthBro","10m","T2",0.7413,0.618,0.875
"CoralNet","indo_v1_wo_bio","GCB","NorthBro","10m","T3",1.3542,1.1737,1.5515
"CoralNet","indo_v1_wo_bio","GCB","SouthBro","10m","T1",2.4145,2.0671,2.8038
"CoralNet","indo_v1_wo_bio","GCB","SouthBro","10m","T2",3.2313,2.8542,3.6338
"CoralNet","indo_v1_wo_bio","GCB","SouthBro","10m","T3",4.1155,3.5521,4.7168
"CoralNet","indo_v1_wo_bio","PB","Diamant","10m","T1",5.4131,4.6369,6.2947
"CoralNet","indo_v1_wo_bio","PB","Diamant","10m","T2",3.4719,3.0452,3.9379
"CoralNet","indo_v1_wo_bio","PB","Diamant","10m","T3",7.0483,5.5243,8.8023
"CoralNet","indo_v1_wo_bio","PB","Poule","10m","T1",2.7091,2.2964,3.1956
"CoralNet","indo_v1_wo_bio","PB","Poule","10m","T2",2.7715,2.3496,3.2669
"CoralNet","indo_v1_wo_bio","PB","Poule","10m","T3",4.9435,4.2985,5.6471
"CoralNet","indo_v1_wo_bio","PB","PtiCoq","10m","T1",3.0647,2.7042,3.4475
"CoralNet","indo_v1_wo_bio","PB","PtiCoq","10m","T2",2.9682,2.4263,3.6279
"CoralNet","indo_v1_wo_bio","PB","PtiCoq","10m","T3",3.7973,3.1714,4.6948
"CoralNet","indo_v1_wo_bio","PB","Yeye","10m","T1",3.6031,2.9527,4.3521
"CoralNet","indo_v1_wo_bio","PB","Yeye","10m","T2",1.6439,1.3277,1.9973
"CoralNet","indo_v1_wo_bio","PB","Yeye","10m","T3",3.0121,2.4957,3.5756
"CoralNet","indo_v1_wo_bio","SA","AngMid","10m","T1",12.0444,10.1437,15.6672
"CoralNet","indo_v1_wo_bio","SA","AngMid","10m","T2",6.1279,4.9725,7.8689
"CoralNet","indo_v1_wo_bio","SA","AngMid","10m","T3",3.9378,3.2736,5.0312
"CoralNet","indo_v1_wo_bio","SA","AngSTip","10m","T1",6.562,5.5836,8.2032
"CoralNet","indo_v1_wo_bio","SA","AngSTip","10m","T2",13.7337,11.6691,17.9244
"CoralNet","indo_v1_wo_bio","SA","AngSTip","10m","T3",7.2965,6.2084,9.3127
"CoralNet","indo_v1_wo_bio","SA","Passe","10m","T1",2.5914,2.205,3.016
"CoralNet","indo_v1_wo_bio","SA","Passe","10m","T2",3.1343,2.7205,3.651
"CoralNet","indo_v1_wo_bio","SA","Passe","10m","T3",2.1087,1.7489,2.5075
"CoralNet","indo_v1_wo_bio","SA","Takamaka","10m","T1",3.064,2.527,3.8783
"CoralNet","indo_v1_wo_bio","SA","Takamaka","10m","T2",2.3485,1.8169,2.9436
"CoralNet","indo_v1_wo_bio","SA","Takamaka","10m","T3",3.4161,2.7326,4.2921
"CoralNet","indo_v2_w_bio","EG","Lubine","10m","T1",7.4402,6.0488,8.8898
"CoralNet","indo_v2_w_bio","EG","Lubine","10m","T2",4.8315,3.9068,5.8122
"CoralNet","indo_v2_w_bio","EG","Lubine","10m","T3",7.7879,6.3489,9.2758
"CoralNet","indo_v2_w_bio","EG","Middle","10m","T1",15.1161,12.022,18.6015
"CoralNet","indo_v2_w_bio","EG","Middle","10m","T2",3.7341,3.0164,4.5249
"CoralNet","indo_v2_w_bio","EG","Middle","10m","T3",9.8722,7.9099,12.0747
"CoralNet","indo_v2_w_bio","EG","North","10m","T1",9.4272,7.5454,11.5779
"CoralNet","indo_v2_w_bio","EG","North","10m","T2",18.9638,15.0416,23.4543
"CoralNet","indo_v2_w_bio","EG","North","10m","T3",9.9559,7.9458,12.23
"CoralNet","indo_v2_w_bio","EG","Tattamucca","10m","T1",6.1528,4.9164,7.5217
"CoralNet","indo_v2_w_bio","EG","Tattamucca","10m","T2",7.2372,5.7532,8.9173
"CoralNet","indo_v2_w_bio","EG","Tattamucca","10m","T3",13.7599,10.8673,17.0816
"CoralNet","indo_v2_w_bio","GCB","MidBroCh","10m","T1",1.8317,1.4634,2.246
"CoralNet","indo_v2_w_bio","GCB","MidBroCh","10m","T2",2.0166,1.5907,2.5009
"CoralNet","indo_v2_w_bio","GCB","MidBroCh","10m","T3",1.084,0.8725,1.315
"CoralNet","indo_v2_w_bio","GCB","MidBroDr","10m","T1",3.1536,2.5691,3.7719
"CoralNet","indo_v2_w_bio","GCB","MidBroDr","10m","T2",0.6198,0.5041,0.7534
"CoralNet","indo_v2_w_bio","GCB","MidBroDr","10m","T3",2.6054,2.1345,3.1125
"CoralNet","indo_v2_w_bio","GCB","NorthBro","10m","T1",0.6447,0.5171,0.7871
"CoralNet","indo_v2_w_bio","GCB","NorthBro","10m","T2",1.1018,0.8857,1.3395
"CoralNet","indo_v2_w_bio","GCB","NorthBro","10m","T3",1.542,1.2589,1.8495
"CoralNet","indo_v2_w_bio","GCB","SouthBro","10m","T1",2.6579,2.168,3.2037
"CoralNet","indo_v2_w_bio","GCB","SouthBro","10m","T2",3.6574,2.9953,4.3529
"CoralNet","indo_v2_w_bio","GCB","SouthBro","10m","T3",5.5564,4.4991,6.6875
"CoralNet","indo_v2_w_bio","PB","Diamant","10m","T1",7.102,5.7432,8.5755
"CoralNet","indo_v2_w_bio","PB","Diamant","10m","T2",4.0703,3.3243,4.869
"CoralNet","indo_v2_w_bio","PB","Diamant","10m","T3",11.859,9.4437,14.611
"CoralNet","indo_v2_w_bio","PB","Poule","10m","T1",3.7258,3.0064,4.5152
"CoralNet","indo_v2_w_bio","PB","Poule","10m","T2",3.7647,3.036,4.5562
"CoralNet","indo_v2_w_bio","PB","Poule","10m","T3",5.6856,4.6407,6.8145
"CoralNet","indo_v2_w_bio","PB","PtiCoq","10m","T1",3.5426,2.8978,4.222
"CoralNet","indo_v2_w_bio","PB","PtiCoq","10m","T2",4.6654,3.7284,5.7031
"CoralNet","indo_v2_w_bio","PB","PtiCoq","10m","T3",4.906,3.9437,5.9682
"CoralNet","indo_v2_w_bio","PB","Yeye","10m","T1",5.4932,4.4101,6.6823
"CoralNet","indo_v2_w_bio","PB","Yeye","10m","T2",2.6746,2.1354,3.2669
"CoralNet","indo_v2_w_bio","PB","Yeye","10m","T3",4.6633,3.7411,5.6663
"CoralNet","indo_v2_w_bio","SA","AngMid","10m","T1",12.0462,9.6795,14.7282
"CoralNet","indo_v2_w_bio","SA","AngMid","10m","T2",8.4087,6.7016,10.3463
"CoralNet","indo_v2_w_bio","SA","AngMid","10m","T3",4.5315,3.64,5.546
"CoralNet","indo_v2_w_bio","SA","AngSTip","10m","T1",7.1996,5.8032,8.7497
"CoralNet","indo_v2_w_bio","SA","AngSTip","10m","T2",12.5306,10.0978,15.2796
"CoralNet","indo_v2_w_bio","SA","AngSTip","10m","T3",7.3352,5.9123,8.9187
"CoralNet","indo_v2_w_bio","SA","Passe","10m","T1",3.5675,2.8779,4.3146
"CoralNet","indo_v2_w_bio","SA","Passe","10m","T2",3.8254,3.103,4.5997
"CoralNet","indo_v2_w_bio","SA","Passe","10m","T3",3.1875,2.556,3.878
"CoralNet","indo_v2_w_bio","SA","Takamaka","10m","T1",3.6485,2.9254,4.4753
"CoralNet","indo_v2_w_bio","SA","Takamaka","10m","T2",4.1459,3.2918,5.1135
"CoralNet","indo_v2_w_bio","SA","Takamaka","10m","T3",5.1837,4.128,6.3727
"CoralNet","indo_v2_wo_bio","EG","Lubine","10m","T1",7.7385,6.2939,9.2199
"CoralNet","indo_v2_wo_bio","EG","Lubine","10m","T2",5.0201,4.0596,6.0172
"CoralNet","indo_v2_wo_bio","EG","Lubine","10m","T3",8.0756,6.5825,9.5938
"CoralNet","indo_v2_wo_bio","EG","Middle","10m","T1",15.7542,12.5476,19.2687
"CoralNet","indo_v2_wo_bio","EG","Middle","10m","T2",3.9251,3.1772,4.7302
"CoralNet","indo_v2_wo_bio","EG","Middle","10m","T3",10.3118,8.279,12.5404
"CoralNet","indo_v2_wo_bio","EG","North","10m","T1",9.9081,7.9539,12.0971
"CoralNet","indo_v2_wo_bio","EG","North","10m","T2",19.7699,15.7111,24.2986
"CoralNet","indo_v2_wo_bio","EG","North","10m","T3",10.4114,8.3264,12.7084
"CoralNet","indo_v2_wo_bio","EG","Tattamucca","10m","T1",6.4057,5.124,7.7893
"CoralNet","indo_v2_wo_bio","EG","Tattamucca","10m","T2",7.5342,5.9985,9.2271
"CoralNet","indo_v2_wo_bio","EG","Tattamucca","10m","T3",14.3441,11.35,17.6844
"CoralNet","indo_v2_wo_bio","GCB","MidBroCh","10m","T1",1.9264,1.5434,2.3474
"CoralNet","indo_v2_wo_bio","GCB","MidBroCh","10m","T2",2.1143,1.6731,2.6036
"CoralNet","indo_v2_wo_bio","GCB","MidBroCh","10m","T3",1.1389,0.9191,1.3743
"CoralNet","indo_v2_wo_bio","GCB","MidBroDr","10m","T1",3.2992,2.6931,3.9322
"CoralNet","indo_v2_wo_bio","GCB","MidBroDr","10m","T2",0.6871,0.5623,0.8258
"CoralNet","indo_v2_wo_bio","GCB","MidBroDr","10m","T3",2.7629,2.2691,3.2846
"CoralNet","indo_v2_wo_bio","GCB","NorthBro","10m","T1",0.6741,0.5417,0.8189
"CoralNet","indo_v2_wo_bio","GCB","NorthBro","10m","T2",1.1485,0.9246,1.3894
"CoralNet","indo_v2_wo_bio","GCB","NorthBro","10m","T3",1.6239,1.3291,1.9382
"CoralNet","indo_v2_wo_bio","GCB","SouthBro","10m","T1",2.8348,2.321,3.3946
"CoralNet","indo_v2_wo_bio","GCB","SouthBro","10m","T2",3.8229,3.1358,4.5351
"CoralNet","indo_v2_wo_bio","GCB","SouthBro","10m","T3",5.7813,4.6853,6.9315
"CoralNet","indo_v2_wo_bio","PB","Diamant","10m","T1",7.4482,6.0334,8.9505
"CoralNet","indo_v2_wo_bio","PB","Diamant","10m","T2",4.2866,3.5064,5.1051
"CoralNet","indo_v2_wo_bio","PB","Diamant","10m","T3",12.3966,9.8953,15.1746
"CoralNet","indo_v2_wo_bio","PB","Poule","10m","T1",3.8999,3.1507,4.7018
"CoralNet","indo_v2_wo_bio","PB","Poule","10m","T2",3.9432,3.1864,4.7496
"CoralNet","indo_v2_wo_bio","PB","Poule","10m","T3",5.9843,4.8953,7.1396
"CoralNet","indo_v2_wo_bio","PB","PtiCoq","10m","T1",3.6941,3.0253,4.388
"CoralNet","indo_v2_wo_bio","PB","PtiCoq","10m","T2",4.8522,3.8829,5.9021
"CoralNet","indo_v2_wo_bio","PB","PtiCoq","10m","T3",5.1278,4.133,6.2102
"CoralNet","indo_v2_wo_bio","PB","Yeye","10m","T1",5.7504,4.6302,6.96
"CoralNet","indo_v2_wo_bio","PB","Yeye","10m","T2",2.8307,2.2696,3.4359
"CoralNet","indo_v2_wo_bio","PB","Yeye","10m","T3",4.8807,3.9252,5.9012
"CoralNet","indo_v2_wo_bio","SA","AngMid","10m","T1",12.5823,10.1374,15.3217
"CoralNet","indo_v2_wo_bio","SA","AngMid","10m","T2",8.803,7.0329,10.7691
"CoralNet","indo_v2_wo_bio","SA","AngMid","10m","T3",4.7583,3.8328,5.7921
"CoralNet","indo_v2_wo_bio","SA","AngSTip","10m","T1",7.5288,6.0807,9.1114
"CoralNet","indo_v2_wo_bio","SA","AngSTip","10m","T2",13.0789,10.5697,15.8953
"CoralNet","indo_v2_wo_bio","SA","AngSTip","10m","T3",7.685,6.2122,9.3083
"CoralNet","indo_v2_wo_bio","SA","Passe","10m","T1",3.7564,3.0371,4.5195
"CoralNet","indo_v2_wo_bio","SA","Passe","10m","T2",3.9961,3.2453,4.7862
"CoralNet","indo_v2_wo_bio","SA","Passe","10m","T3",3.3627,2.7046,4.0673
"CoralNet","indo_v2_wo_bio","SA","Takamaka","10m","T1",3.8569,3.1037,4.6993
"CoralNet","indo_v2_wo_bio","SA","Takamaka","10m","T2",4.376,3.488,5.3565
"CoralNet","indo_v2_wo_bio","SA","Takamaka","10m","T3",5.4972,4.3964,6.7088
"ReefBudget","chagos_v2_wo_bio_rb","EG","Lubine","10m","T1",4.89583454480664,2.204632180323,7.94663093861494
"ReefBudget","chagos_v2_wo_bio_rb","EG","Lubine","10m","T2",4.83323823712368,2.13157563544624,7.94509194618654
"ReefBudget","chagos_v2_wo_bio_rb","EG","Lubine","10m","T3",4.80900997925331,2.11662113428206,7.88745667263121
"ReefBudget","chagos_v2_wo_bio_rb","EG","Middle","10m","T1",10.3147999036826,6.56126765195029,14.5253875211826
"ReefBudget","chagos_v2_wo_bio_rb","EG","Middle","10m","T2",4.48697421774675,2.42083533012026,6.85076717471851
"ReefBudget","chagos_v2_wo_bio_rb","EG","Middle","10m","T3",6.65287145848924,3.46744008143791,10.3179360410597
"ReefBudget","chagos_v2_wo_bio_rb","EG","North","10m","T1",9.46092739644962,5.93123677977681,13.3684162275929
"ReefBudget","chagos_v2_wo_bio_rb","EG","North","10m","T2",13.1618078588423,8.54590662981354,18.3284175777235
"ReefBudget","chagos_v2_wo_bio_rb","EG","North","10m","T3",6.5007744065443,3.79158910476712,9.47138179750413
"ReefBudget","chagos_v2_wo_bio_rb","EG","Tattamucca","10m","T1",8.43114684368494,5.04781324617842,12.1108471680098
"ReefBudget","chagos_v2_wo_bio_rb","EG","Tattamucca","10m","T2",5.47391285527742,3.29600291492757,7.84602226909915
"ReefBudget","chagos_v2_wo_bio_rb","EG","Tattamucca","10m","T3",11.746943459075,7.07159948348199,16.8429798299193
"ReefBudget","chagos_v2_wo_bio_rb","GCB","MidBroCh","10m","T1",2.35721349741525,1.42228621406088,3.40459053375105
"ReefBudget","chagos_v2_wo_bio_rb","GCB","MidBroCh","10m","T2",1.67995571438983,0.782361228899954,2.69330210575558
"ReefBudget","chagos_v2_wo_bio_rb","GCB","MidBroCh","10m","T3",1.03773331022143,0.492873231373967,1.67091958016675
"ReefBudget","chagos_v2_wo_bio_rb","GCB","MidBroDr","10m","T1",3.5656750432197,2.12329644571554,5.18498524010721
"ReefBudget","chagos_v2_wo_bio_rb","GCB","MidBroDr","10m","T2",1.83428605326251,0.997646923687971,2.77033456154439
"ReefBudget","chagos_v2_wo_bio_rb","GCB","MidBroDr","10m","T3",3.08231392805849,1.68470226284849,4.67873679604041
"ReefBudget","chagos_v2_wo_bio_rb","GCB","NorthBro","10m","T1",2.09062019400917,1.40103014545184,2.83041958591297
"ReefBudget","chagos_v2_wo_bio_rb","GCB","NorthBro","10m","T2",1.20952596910815,0.711048343354723,1.77549652678022
"ReefBudget","chagos_v2_wo_bio_rb","GCB","NorthBro","10m","T3",2.1842222818296,1.22247076198774,3.25980186635707
"ReefBudget","chagos_v2_wo_bio_rb","GCB","SouthBro","10m","T1",2.74362411079693,1.36495022422239,4.32949403045509
"ReefBudget","chagos_v2_wo_bio_rb","GCB","SouthBro","10m","T2",3.62895650050872,1.80822172991954,5.6970070376471
"ReefBudget","chagos_v2_wo_bio_rb","GCB","SouthBro","10m","T3",4.2308811310383,2.02855625411629,6.74305984054372
"ReefBudget","chagos_v2_wo_bio_rb","PB","Diamant","10m","T1",7.57018124072159,4.02954240067142,11.5867314101287
"ReefBudget","chagos_v2_wo_bio_rb","PB","Diamant","10m","T2",5.95372976655538,3.04470887756928,9.3320505578258
"ReefBudget","chagos_v2_wo_bio_rb","PB","Diamant","10m","T3",19.7577353479853,13.6203813638513,26.1147964614389
"ReefBudget","chagos_v2_wo_bio_rb","PB","Poule","10m","T1",3.19328770753819,1.90088041983597,5.05201416051863
"ReefBudget","chagos_v2_wo_bio_rb","PB","Poule","10m","T2",4.46438573135016,2.83625617162635,6.28271072648174
"ReefBudget","chagos_v2_wo_bio_rb","PB","Poule","10m","T3",6.2836334823767,3.31446711706034,9.58782028210855
"ReefBudget","chagos_v2_wo_bio_rb","PB","PtiCoq","10m","T1",2.61234561589642,1.38407360999841,4.02484779201988
"ReefBudget","chagos_v2_wo_bio_rb","PB","PtiCoq","10m","T2",3.07709669856288,1.88261221844782,4.40180909023212
"ReefBudget","chagos_v2_wo_bio_rb","PB","PtiCoq","10m","T3",6.74502127832084,4.86034294069572,8.79657700076264
"ReefBudget","chagos_v2_wo_bio_rb","PB","Yeye","10m","T1",4.3001746660461,2.72748190540444,6.07117292271702
"ReefBudget","chagos_v2_wo_bio_rb","PB","Yeye","10m","T2",3.92239711394007,2.56630683988942,5.40202520396372
"ReefBudget","chagos_v2_wo_bio_rb","PB","Yeye","10m","T3",5.08353809746439,2.9872765521939,7.45200381687393
"ReefBudget","chagos_v2_wo_bio_rb","SA","AngMid","10m","T1",14.1236551733554,11.6173595957495,16.7694969301127
"ReefBudget","chagos_v2_wo_bio_rb","SA","AngMid","10m","T2",8.73832982123907,6.17135471858464,11.4840372428145
"ReefBudget","chagos_v2_wo_bio_rb","SA","AngMid","10m","T3",8.06908455419901,6.41235927783312,9.78583365688053
"ReefBudget","chagos_v2_wo_bio_rb","SA","AngSTip","10m","T1",8.41598300485262,6.0626031312182,11.0003352358498
"ReefBudget","chagos_v2_wo_bio_rb","SA","AngSTip","10m","T2",15.8350528169561,12.9002041614569,19.0275179936207
"ReefBudget","chagos_v2_wo_bio_rb","SA","AngSTip","10m","T3",9.27318425475737,7.04890280809042,11.6757624128305
"ReefBudget","chagos_v2_wo_bio_rb","SA","Passe","10m","T1",4.08452279804201,2.10809299244148,6.34211847714629
"ReefBudget","chagos_v2_wo_bio_rb","SA","Passe","10m","T2",6.27019444170858,3.78296133770175,8.9928052638774
"ReefBudget","chagos_v2_wo_bio_rb","SA","Passe","10m","T3",5.71519389337891,3.17954150150337,8.5764275653789
"ReefBudget","chagos_v2_wo_bio_rb","SA","Takamaka","10m","T1",3.84674214328043,2.39279903482597,5.51713893983509
"ReefBudget","chagos_v2_wo_bio_rb","SA","Takamaka","10m","T2",4.88339740861126,2.93401513787141,7.06631753690365
"ReefBudget","chagos_v2_wo_bio_rb","SA","Takamaka","10m","T3",7.05341246754129,4.59501441519099,9.81873385541388
